pkt_loss_rate,TCT,AT
0.1,3.323294,631055.8139
0.2,7.345994,285486.756455
0.3,8.569055,244739.239041
0.4,39.166106,53545.889908
0.5,44.580052,47043.103494