pkt_loss_rate,TCT,AT
0.1,0.001791,2522613.065327
0.2,0.002352,1920918.367347
0.3,0.002846,1587491.215741
0.4,0.003116,1449935.815148
0.5,0.003228,1399628.252788